Šifra,Naziv
A,"POLJOPRIVREDA, ŠUMARSTVO I RIBOLOV"
01,"Biljna i stočarska proizvodnja, lovstvo i uslužne djelatnosti u vezi s njima"
01.1,Uzgoj jednogodišnjih usjeva
01.11,"Uzgoj žitarica (osim riže), mahunarki i sjemenja uljarica"
01.12,Uzgoj riže
01.13,"Uzgoj povrća, dinja i lubenica, korjenastog i gomoljastog povrća"
01.14,Uzgoj šećerne trske
01.15,Uzgoj duhana
01.16,Uzgoj tekstilnih biljaka
01.19,Uzgoj ostalih jednogodišnjih usjeva
01.2,Uzgoj višegodišnjih usjeva
01.21,Uzgoj grožđa
01.22,Uzgoj tropskog i suptropskog voća
01.23,Uzgoj agruma
01.24,Uzgoj jezgričavog i koštuničavog voća
01.25,"Uzgoj bobičastog, orašastog i ostalog voća"
01.26,Uzgoj plodova uljarica
01.27,Uzgoj biljaka za pripremanje napitaka
01.28,"Uzgoj bilja za upotrebu u farmaciji, aromatskog, začinskog i ljekovitog bilja"
01.29,Uzgoj ostalih višegodišnjih usjeva
01.3,Uzgoj sadnog materijala i ukrasnog bilja
01.30,Uzgoj sadnog materijala i ukrasnog bilja
01.4,Uzgoj životinja
01.41,Uzgoj muznih krava
01.42,Uzgoj ostalih goveda i bivola
01.43,"Uzgoj konja, magaraca, mula i mazgi"
01.44,Uzgoj deva i lama
01.45,Uzgoj ovaca i koza
01.46,Uzgoj svinja
01.47,Uzgoj peradi
01.49,Uzgoj ostalih životinja
01.5,Mješovita poljoprivredna proizvodnja (biljna i stočna proizvodnja)
01.50,Mješovita poljoprivredna proizvodnja (biljna i stočna proizvodnja)
01.6,Pomoćne djelatnosti u poljoprivredi i djelatnosti koje se obavljaju nakon žetve usjeva
01.61,Pomoćne djelatnosti za uzgoj usjeva
01.62,Pomoćne djelatnosti za uzgoj životinja
01.63,Djelatnosti koje se obavljaju nakon žetve/berbe poljoprivrednih proizvoda (priprema za primarna tržišta)
01.64,Dorada sjemena za sjemenski materijal
01.7,"Lov, stupičarenje i uslužne djelatnosti u vezi s njima"
01.70,"Lov, stupičarenje i uslužne djelatnosti u vezi s njima"
02,Šumarstvo i sječa drva (iskorištavanje šuma)
02.1,Uzgoj šuma i ostale djelatnosti u šumarstvu
02.10,Uzgoj šuma i ostale djelatnosti u šumarstvu
02.2,Sječa drva (iskorištavanje šuma)
02.20,Sječa drva (iskorištavanje šuma)
02.3,"Sakupljanje nekultiviranih šumskih plodova i proizvoda, osim šumskih sortimenata"
02.30,"Sakupljanje nekultiviranih šumskih plodova i proizvoda, osim šumskih sortimenata"
02.4,Pomoćne usluge u šumarstvu
02.40,Pomoćne usluge u šumarstvu
03,Ribolov i akvakultura
03.1,Ribolov
03.11,Morski ribolov
03.12,Slatkovodni ribolov
03.2,Akvakultura
03.21,Morska akvakultura
03.22,Slatkovodna akvakultura
B,VAĐENJE RUDA I KAMENA
05,Vađenje ugljena i lignita
05.1,Vađenje kamenog ugljena
05.10,Vađenje kamenog ugljena
05.2,Vađenje lignita
05.20,Vađenje lignita
06,Vađenje sirove nafte i prirodnog plina
06.1,Vađenje sirove nafte
06.10,Vađenje sirove nafte
06.2,Vađenje prirodnog plina
06.20,Vađenje prirodnog plina
07,Vađenje metalnih ruda
07.1,Vađenje željeznih ruda
07.10,Vađenje željeznih ruda
07.2,Vađenje ruda obojenih metala
07.21,Vađenje uranijevih i torijevih ruda
07.29,Vađenje ostalih ruda obojenih metala
08,Vađenje ostalih ruda i kamena
08.1,"Vađenje kamena, pijeska i gline"
08.11,"Vađenje ukrasnog kamena i kamena za gradnju, krečnjaka, gipsa, krede i škriljevca"
08.12,Djelatnosti kopova šljunka i pijeska," vađenje gline i kaolina"
08.9,Vađenje ruda i kamena d. n.
08.91,Vađenje minerala za proizvodnju hemikalije i prirodnih mineralnih gnojiva
08.92,Vađenje treseta
08.93,Vađenje soli
08.99,"Vađenje ostalih ruda i kamena, d. n."
09,Pomoćne uslužne djelatnosti u vađenju ruda i kamena
09.1,Pomoćne djelatnosti za vađenje nafte i prirodnog plina
09.10,Pomoćne djelatnosti za vađenje nafte i prirodnog plina
09.9,Pomoćne djelatnosti za ostalo vađenje ruda i kamena
09.90,Pomoćne djelatnosti za ostalo vađenje ruda i kamena
C,PRERAĐIVAČKA INDUSTRIJA
10,Proizvodnja prehrambenih proizvoda
10.1,Prerada i konzerviranje mesa i proizvodnja mesnih proizvoda
10.11,Prerada i konzerviranje mesa
10.12,Prerada i konzerviranje mesa peradi
10.13,Proizvodnja proizvoda od mesa i mesa peradi
10.2,"Prerada i konzerviranje riba, ljuskara i mekušaca"
10.20,"Prerada i konzerviranje riba, ljuskara i mekušaca"
10.3,Prerada i konzerviranje voća i povrća
10.31,Prerada i konzerviranje krompira
10.32,Proizvodnja sokova od voća i povrća
10.39,Ostala prerada i konzerviranje voća i povrća
10.4,Proizvodnja biljnih i životinjskih ulja i masti
10.41,Proizvodnja ulja i masti
10.42,Proizvodnja margarina i sličnih jestivih masti
10.5,Proizvodnja mliječnih proizvoda
10.51,"Proizvodnja mlijeka, mliječnih proizvoda i sira"
10.52,Proizvodnja sladoleda i drugih smrznutih smjesa
10.6,"Proizvodnja mlinskih proizvoda, škroba i škrobnih proizvoda"
10.61,Proizvodnja mlinskih proizvoda
10.62,Proizvodnja škroba i škrobnih proizvoda
10.7,"Proizvodnja pekarskih proizvoda, proizvoda od brašna i kolača"
10.71,Proizvodnja hljeba," svježih peciva i kolača"
10.72,Proizvodnja dvopeka i keksa," proizvodnja trajnih peciva i kolača"
10.73,"Proizvodnja makarona, rezanaca, kuskusa i sličnih proizvoda od brašna"
10.8,Proizvodnja ostalih prehrambenih proizvoda
10.81,Proizvodnja šećera
10.82,"Proizvodnja kakaa, čokolade i slastičarskih proizvoda"
10.83,Prerada čaja i kafe
10.84,Proizvodnja začina i drugih dodataka hrani
10.85,Proizvodnja gotove hrane i jela
10.86,Proizvodnja  homogeniziranih  prehrambenih  preparata  i dijetetske hrane
10.89,"Proizvodnja ostalih prehrambenih proizvoda, d. n."
10.9,Proizvodnja pripremljene hrane za životinje
10.91,Proizvodnja pripremljene stočne hrane
10.92,Proizvodnja pripremljene hrane za kućne ljubimce
11,Proizvodnja pića
11.0,Proizvodnja pića
11.01,"Destiliranje, pročišćavanje i miješanje alkoholnih pića"
11.02,Proizvodnja vina od grožđa
11.03,Proizvodnja jabukovače i ostalih voćnih vina
11.04,Proizvodnja ostalih nedestiliranih fermentiranih pića
11.05,Proizvodnja piva
11.06,Proizvodnja slada
11.07,Proizvodnja osvježavajućih pića," proizvodnja mineralne vode i drugih flaširanih voda"
12,Proizvodnja duhanskih proizvoda
12.0,Proizvodnja duhanskih proizvoda
12.00,Proizvodnja duhanskih proizvoda
13,Proizvodnja tekstila
13.1,Priprema i predenje tekstilnih vlakana
13.10,Priprema i predenje tekstilnih vlakana
13.2,Tkanje tekstila
13.20,Tkanje tekstila
13.3,Dovršavanje tekstila
13.30,Dovršavanje tekstila
13.9,Proizvodnja ostalog tekstila
13.91,Proizvodnja pletenih i heklanih tkanina
13.92,"Proizvodnja gotovih tekstilnih proizvoda, osim odjeće"
13.93,Proizvodnja tepiha i prekrivača za pod
13.94,"Proizvodnja užadi, konopaca, upletenog konca i mreža"
13.95,"Proizvodnja netkanog tekstila i proizvoda od netkanog tekstila, osim odjeće"
13.96,Proizvodnja ostalih tehničkih i industrijskih tekstilnih proizvoda
13.99,"Proizvodnja ostalih tekstilnih proizvoda, d. n."
14,Proizvodnja odjeće
14.1,"Proizvodnja odjeće, osim krznene odjeće"
14.11,Proizvodnja kožne odjeće
14.12,Proizvodnja radne odjeće
14.13,Proizvodnja ostale vanjske odjeće
14.14,Proizvodnja veša
14.19,Proizvodnja ostale odjeće i pribora za odjeću
14.2,Proizvodnja proizvoda od krzna
14.20,Proizvodnja proizvoda od krzna
14.3,Proizvodnja pletene i heklane odjeće
14.31,Proizvodnja pletenih i heklanih čarapa
14.39,Proizvodnja ostale pletene i heklane odjeće
15,Proizvodnja kože i srodnih proizvoda
15.1,Štavljenje i obrada kože," proizvodnja putnih i ručnih torbi, sedlarskih i kaišarskih proizvoda"," dorada i bojenje krzna"
15.11,Štavljenje i obrada kože," dorada i bojenje krzna"
15.12,"Proizvodnja putnih i ručnih torba i sličnih proizvoda, sedlarskih i kaišarskih proizvoda"
15.2,Proizvodnja obuće
15.20,Proizvodnja obuće
16,"Prerada drva i proizvoda od drva i pluta, osim namještaja"," proizvodnja predmeta od slame i pletarskih materijala"
16.1,Piljenje i blanjanje drva  (proizvodnja  rezane građe)," impregnacija drveta"
16.10,Piljenje  i  blanjanje  drva  (proizvodnja  rezane  građe)," impregnacija drveta"
16.2,"Proizvodnja proizvoda od drva, pluta, slame i pletarskih materijala"
16.21,Proizvodnja furnira i ostalih ploča od drva
16.22,Proizvodnja sastavljenog parketa
16.23,Proizvodnja ostale građevne stolarije i elemenata
16.24,Proizvodnja ambalaže od drva
16.29,"Proizvodnja ostalih proizvoda od drva, proizvoda od pluta, slame i pletarskih materijala"
17,Proizvodnja papira i proizvoda od papira
17.1,"Proizvodnja celuloze, papira i kartona"
17.11,Proizvodnja celuloze
17.12,Proizvodnja papira i kartona
17.2,Proizvodnja proizvoda od papira i kartona
17.21,Proizvodnja valovitog papira i kartona te ambalaže od papira i kartona
17.22,Proizvodnja proizvoda za domaćinstvo i higijenu te toaletnih potrepština od papira
17.23,Proizvodnja kancelarijskog materijala od papira
17.24,Proizvodnja zidnih tapeta
17.29,Proizvodnja ostalih proizvoda od papira i kartona
18,Štampanje i umnožavanje snimljenih zapisa
18.1,Štampanje i uslužne djelatnosti u vezi sa štampanjem
18.11,Štampanje novina
18.12,Ostalo štampanje
18.13,Usluge pripreme za štampu i objavljivanje
18.14,Knjigoveške i srodne usluge
18.2,Umnožavanje snimljenih zapisa
18.20,Umnožavanje snimljenih zapisa
19,Proizvodnja koksa i rafiniranih naftnih proizvoda
19.1,Proizvodnja proizvoda koksnih peći
19.10,Proizvodnja proizvoda koksnih peći
19.2,Proizvodnja rafiniranih naftnih proizvoda
19.20,Proizvodnja rafiniranih naftnih proizvoda
20,Proizvodnja hemikalija i hemijskih proizvoda
20.1,"Proizvodnja osnovnih hemikalija, gnojiva i dušičnih spojeva, plastike i sintetičkog kaučuka u primarnim oblicima"
20.11,Proizvodnja industrijskih plinova
20.12,Proizvodnja koloranata i pigmenata
20.13,Proizvodnja ostalih anorganskih osnovnih hemikalija
20.14,Proizvodnja ostalih osnovnih organskih hemikalija
20.15,Proizvodnja gnojiva i dušičnih spojeva
20.16,Proizvodnja plastičnih masa u primarnim oblicima
20.17,Proizvodnja sintetičkog kaučuka u primarnim oblicima
20.2,Proizvodnja pesticida i drugih agrohemijskih proizvoda
20.20,Proizvodnja pesticida i drugih agrohemijskih proizvoda
20.3,"Proizvodnja boja, lakova i sličnih premaza, grafičkih boja i kitova"
20.30,"Proizvodnja boja, lakova i sličnih premaza, grafičkih boja i kitova"
20.4,"Proizvodnja sapuna i deterdženata, sredstava za čišćenje i poliranje, parfema i toaletno-kozmetičkih preparata"
20.41,"Proizvodnja sapuna i deterdženata, sredstava za čišćenje i poliranje"
20.42,Proizvodnja parfema i toaletno-kozmetičkih preparata
20.5,Proizvodnja ostalih hemijskih proizvoda
20.51,Proizvodnja eksploziva
20.52,Proizvodnja ljepila
20.53,Proizvodnja eteričnih ulja
20.59,"Proizvodnja ostalih hemijskih proizvoda, d. n."
20.6,Proizvodnja umjetnih vlakana
20.60,Proizvodnja umjetnih vlakana
21,Proizvodnja osnovnih  farmaceutskih proizvoda  i farmaceutskih preparata
21.1,Proizvodnja osnovnih farmaceutskih proizvoda
21.10,Proizvodnja osnovnih farmaceutskih proizvoda
21.2,Proizvodnja farmaceutskih preparata
21.20,Proizvodnja farmaceutskih preparata
22,Proizvodnja proizvoda od gume i plastičnih masa
22.1,Proizvodnja proizvoda od gume
22.11,Proizvodnja vanjskih i unutrašnjih guma za vozila," protektiranje vanjskih guma za vozila"
22.19,Proizvodnja ostalih proizvoda od gume
22.2,Proizvodnja proizvoda od plastičnih masa
22.21,"Proizvodnja ploča, listova, cijevi i profila od plastičnih masa"
22.22,Proizvodnja ambalaže od plastičnih masa
22.23,Proizvodnja proizvoda od plastičnih masa za građevinarstvo
22.29,Proizvodnja ostalih proizvoda od plastičnih masa
23,Proizvodnja ostalih nemetalnih mineralnih proizvoda
23.1,Proizvodnja stakla i proizvoda od stakla
23.11,Proizvodnja ravnog stakla
23.12,Oblikovanje i obrada ravnog stakla
23.13,Proizvodnja šupljeg stakla
23.14,Proizvodnja staklenih vlakana
23.19,"Proizvodnja i obrada ostalog stakla, uključujući tehničke proizvode od stakla"
23.2,Proizvodnja vatrostalnih proizvoda
23.20,Proizvodnja vatrostalnih proizvoda
23.3,Proizvodnja proizvoda od gline za građevinarstvo
23.31,Proizvodnja keramičkih pločica i podnih ploča
23.32,"Proizvodnja opeke, crijepa i ostalih proizvoda od pečene gline za građevinarstvo"
23.4,Proizvodnja ostalih proizvoda od porculana i keramike
23.41,Proizvodnja  keramičkih  proizvoda  za  domaćinstvo i ukrasnih predmeta
23.42,Proizvodnja sanitarne opreme od keramike
23.43,Proizvodnja keramičkih izolatora i izolacijskog pribora
23.44,Proizvodnja ostalih tehničkih proizvoda od keramike
23.49,Proizvodnja ostalih proizvoda od keramike
23.5,"Proizvodnja cementa, kreča i gipsa"
23.51,Proizvodnja cementa
23.52,Proizvodnja kreča i gipsa
23.6,"Proizvodnja proizvoda od betona, cementa i gipsa"
23.61,Proizvodnja proizvoda od betona za građevinarstvo
23.62,Proizvodnja proizvoda od gipsa za građevinarstvo
23.63,Proizvodnja gotove betonske smjese
23.64,Proizvodnja žbuke
23.65,Proizvodnja (vlaknastog) fibro-cementa
23.69,"Proizvodnja ostalih proizvoda od betona, cementa i gipsa"
23.7,"Rezanje, oblikovanje i obrada kamena"
23.70,"Rezanje, oblikovanje i obrada kamena"
23.9,"Proizvodnja brusnih proizvoda i nemetalnih mineralnih proizvoda, d. n."
23.91,Proizvodnja brusnih proizvoda
23.99,"Proizvodnja ostalih nemetalnih mineralnih proizvoda, d. n."
24,Proizvodnja baznih metala
24.1,"Proizvodnja sirovog željeza, čelika i ferolegura"
24.10,"Proizvodnja sirovog željeza, čelika i ferolegura"
24.2,"Proizvodnja cijevi, crijeva, šupljih profila i  pripadajućeg pribora od čelika"
24.20,"Proizvodnja cijevi, crijeva, šupljih profila i pripadajućeg pribora od čelika"
24.3,Proizvodnja ostalih proizvoda primarne prerade čelika
24.31,Hladno vučenje šipki
24.32,Hladno valjanje uskih vrpci
24.33,Hladno oblikovanje i profiliranje
24.34,Hladno vučenje žice
24.4,Proizvodnja baznih plemenitih i ostalih obojenih metala
24.41,Proizvodnja plemenitih metala
24.42,Proizvodnja aluminija
24.43,"Proizvodnja olova, cinka i kositra"
24.44,Proizvodnja bakra
24.45,Proizvodnja ostalih obojenih metala
24.46,Obrada nuklearnog goriva
24.5,Lijevanje metala
24.51,Lijevanje željeza
24.52,Lijevanje čelika
24.53,Lijevanje lakih metala
24.54,Lijevanje ostalih obojenih metala
25,"Proizvodnja gotovih  metalnih  proizvoda,  osim  mašina  i opreme"
25.1,Proizvodnja metalnih konstrukcija
25.11,Proizvodnja metalnih konstrukcija i njihovih dijelova
25.12,Proizvodnja vrata i prozora od metala
25.2,"Proizvodnja metalnih cisterni, rezervoara i sličnih posuda"
25.21,Proizvodnja radijatora i kotlova za centralno grijanje
25.29,"Proizvodnja ostalih metalnih cisterni, rezervoara i sličnih posuda"
25.3,"Proizvodnja parnih kotlova, osim kotlova za centralno grijanje"
25.30,"Proizvodnja parnih kotlova, osim kotlova za centralno grijanje"
25.4,Proizvodnja oružja i municije
25.40,Proizvodnja oružja i municije
25.5,"Kovanje, presovanje, štancanje i valjanje metala"," metalurgija praha"
25.50,"Kovanje, presovanje, štancanje  i valjanje metala"," metalurgija praha"
25.6,Površinska  obrada  i  prevlačenje  metala,"  mašinska obrada metala"
25.61,Površinska obrada i prevlačenje metala
25.62,Mašinska obrada metala
25.7,"Proizvodnja  sječiva, alata  i  metalnih  proizvoda za opću namjenu"
25.71,Proizvodnja sječiva
25.72,Proizvodnja brava i okova
25.73,Proizvodnja alata
25.9,Proizvodnja ostalih gotovih proizvoda od metala
25.91,Proizvodnja čeličnih buradi i sličnih posuda od čelika
25.92,Proizvodnja ambalaže od lakih metala
25.93,"Proizvodnja proizvoda od žice, lanaca i opruga"
25.94,Proizvodnja veznih i vijčanih proizvoda
25.99,"Proizvodnja ostalih gotovih proizvoda od metala, d. n."
26,Proizvodnja računara te elektroničkih i optičkih proizvoda
26.1,Proizvodnja elektroničkih komponenata i ploča
26.11,Proizvodnja elektroničkih komponenata
26.12,Proizvodnja punih elektroničkih ploča
26.2,Proizvodnja računara i periferne opreme
26.20,Proizvodnja računara i periferne opreme
26.3,Proizvodnja komunikacijske opreme
26.30,Proizvodnja komunikacijske opreme
26.4,Proizvodnja elektroničkih uređaja za široku potrošnju
26.40,Proizvodnja elektroničkih uređaja za široku potrošnju
26.5,"Proizvodnja instrumenata i aparata za mjerenje, ispitivanje i navođenje"," proizvodnja satova"
26.51,"Proizvodnja instrumenata i aparata za mjerenje, ispitivanje i navođenje"
26.52,Proizvodnja satova
26.6,"Proizvodnja  opreme  za  zračenje,  elektromedicinske  i elektroterapeutske opreme"
26.60,"Proizvodnja  opreme  za  zračenje,  elektromedicinske  i elektroterapeutske opreme"
26.7,Proizvodnja optičkih instrumenata i fotografske opreme
26.70,Proizvodnja optičkih instrumenata i fotografske opreme
26.8,Proizvodnja magnetnih i optičkih medija
26.80,Proizvodnja magnetnih i optičkih medija
27,Proizvodnja električne opreme
27.1,"Proizvodnja elektromotora, generatora, transformatora te uređaja za distribuciju i kontrolu električne energije"
27.11,"Proizvodnja elektromotora, generatora i transformatora"
27.12,Proizvodnja uređaja za distribuciju i kontrolu električne energije
27.2,Proizvodnja baterija i akumulatora
27.20,Proizvodnja baterija i akumulatora
27.3,Proizvodnja žice i elektroinstalacijskog materijala
27.31,Proizvodnja kablova od optičkih vlakana
27.32,Proizvodnja ostalih elektroničkih i električnih žica i kablova
27.33,Proizvodnja elektroinstalacijskog materijala
27.4,Proizvodnja električne opreme za rasvjetu
27.40,Proizvodnja električne opreme za rasvjetu
27.5,Proizvodnja aparata za domaćinstvo
27.51,Proizvodnja električnih aparata za domaćinstvo
27.52,Proizvodnja neelektričnih aparata za domaćinstvo
27.9,Proizvodnja ostale električne opreme
27.90,Proizvodnja ostale električne opreme
28,"Proizvodnja mašina i uređaja, d. n."
28.1,Proizvodnja mašina za opće namjene
28.11,"Proizvodnja motora i turbina, osim motora za avione i motorna vozila"
28.12,Proizvodnja hidrauličnih pogonskih uređaja
28.13,Proizvodnja ostalih pumpi i kompresora
28.14,Proizvodnja ostalih slavina i ventila
28.15,"Proizvodnja ležajeva, prijenosnika te prijenosnih i pogonskih elemenata"
28.2,Proizvodnja ostalih mašina za opće namjene
28.21,"Proizvodnja peći, ložišta i plamenika"
28.22,Proizvodnja uređaja za dizanje i prenošenje
28.23,Proizvodnja kancelarijskih mašina i opreme (osim proizvodnje računara i periferne opreme)
28.24,Proizvodnja ručnih prenosivih alata s vlastitim pogonom
28.25,"Proizvodnja rashladne i ventilacijske opreme, osim za domaćinstvo"
28.29,"Proizvodnja ostalih mašina za opće namjene, d. n."
28.3,Proizvodnja mašina za poljoprivredu i šumarstvo
28.30,Proizvodnja mašina za poljoprivredu i šumarstvo
28.4,Proizvodnja mašina za obradu metala i alatnih mašina
28.41,Proizvodnja mašina za obradu metala
28.49,Proizvodnja ostalih alatnih mašina
28.9,Proizvodnja ostalih mašina za posebne namjene
28.91,Proizvodnja mašina za metalurgiju
28.92,"Proizvodnja mašina za rudnike, kamenolome i građevinarstvo"
28.93,"Proizvodnja mašina za industriju hrane, pića i duhana"
28.94,"Proizvodnja mašina za industriju tekstila, odjeće i kože"
28.95,Proizvodnja mašina za industriju papira i kartona
28.96,Proizvodnja mašina za plastiku i gumu
28.99,"Proizvodnja ostalih mašina za posebne namjene, d. n."
29,"Proizvodnja motornih vozila, prikolica i poluprikolica"
29.1,Proizvodnja motornih vozila
29.10,Proizvodnja motornih vozila
29.2,Proizvodnja karoserija za motorna  vozila," proizvodnja prikolica i poluprikolica"
29.20,Proizvodnja karoserija za motorna vozila," proizvodnja prikolica i poluprikolica"
29.3,Proizvodnja dijelova i pribora za motorna vozila
29.31,Proizvodnja električne i elektroničke opreme za motorna vozila
29.32,Proizvodnja ostalih dijelova i pribora za motorna vozila
30,Proizvodnja ostalih prijevoznih sredstava
30.1,Gradnja brodova i čamaca
30.11,Gradnja brodova i plovećih objekata
30.12,Gradnja čamaca za razonodu i sportskih čamaca
30.2,Proizvodnja željezničkih lokomotiva i tračničkih vozila
30.20,Proizvodnja željezničkih lokomotiva i tračničkih vozila
30.3,Proizvodnja aviona i svemirskih letjelica te  srodnih prijevoznih sredstava i opreme
30.30,Proizvodnja aviona i svemirskih letjelica te srodnih prijevoznih sredstava i opreme
30.4,Proizvodnja vojnih borbenih vozila
30.40,Proizvodnja vojnih borbenih vozila
30.9,"Proizvodnja prijevoznih sredstava, d. n."
30.91,Proizvodnja motocikala
30.92,Proizvodnja bicikala i invalidskih kolica
30.99,"Proizvodnja ostalih prijevoznih sredstava, d. n."
31,Proizvodnja namještaja
31.0,Proizvodnja namještaja
31.01,Proizvodnja namještaja za poslovne i prodajne prostore
31.02,Proizvodnja kuhinjskog namještaja
31.03,Proizvodnja madraca
31.09,Proizvodnja ostalog namještaja
32,Ostala prerađivačka industrija
32.1,"Proizvodnja nakita, imitacije nakita  (bižuterije) i srodnih proizvoda"
32.11,Proizvodnja kovanog novca
32.12,Proizvodnja nakita i srodnih proizvoda
32.13,Proizvodnja imitacije nakita (bižuterije) i srodnih proizvoda
32.2,Proizvodnja muzičkih instrumenata
32.20,Proizvodnja muzičkih instrumenata
32.3,Proizvodnja sportske opreme
32.30,Proizvodnja sportske opreme
32.4,Proizvodnja igara i igračaka
32.40,Proizvodnja igara i igračaka
32.5,Proizvodnja medicinskih i stomatoloških instrumenata i pribora
32.50,Proizvodnja medicinskih i stomatoloških instrumenata i pribora
32.9,"Prerađivačka industrija, d. n."
32.91,Proizvodnja metli i četaka
32.99,"Ostala prerađivačka industrija, d. n."
33,Popravak i instaliranje mašina i opreme
33.1,"Popravak proizvoda od metala, mašina i opreme"
33.11,Popravak proizvoda od metala
33.12,Popravak mašina
33.13,Popravak elektroničke i optičke opreme
33.14,Popravak električne opreme
33.15,Popravak i održavanje brodova i čamaca
33.16,Popravak i održavanje aviona i svemirskih letjelica
33.17,Popravak i održavanje ostalih prijevoznih sredstava
33.19,Popravak ostale opreme
33.2,Instaliranje industrijskih mašina i opreme
33.20,Instaliranje industrijskih mašina i opreme
D,"PROIZVODNJA I SNABDIJEVANJE ELEKTRIČNOM ENERGIJOM, PLINOM, PAROM I KLIMATIZACIJA"
35,"Proizvodnja i snabdijevanje električnom energijom, plinom, parom i klimatizacija"
35.1,"Proizvodnja, prijenos i distribucija električne energije"
35.11,Proizvodnja električne energije
35.12,Prijenos električne energije
35.13,Distribucija električne energije
35.14,Trgovina električnom energijom
35.2,Proizvodnja plina," distribucija plinovitih goriva distribucijskom mrežom"
35.21,Proizvodnja plina
35.22,Distribucija plinovitih goriva distribucijskom mrežom
35.23,Trgovina plinom distribucijskom mrežom
35.3,Proizvodnja i snabdijevanje parom i klimatizacija
35.30,Proizvodnja i snabdijevanje parom i klimatizacija
E,SNABDIJEVANJE  VODOM,"  UKLANJANJE  OTPADNIH  VODA, UPRAVLJANJE OTPADOM TE DJELATNOSTI SANACIJE OKOLIŠA"
36,"Sakupljanje, pročišćavanje i snabdijevanje vodom"
36.0,"Sakupljanje, pročišćavanje i snabdijevanje vodom"
36.00,"Sakupljanje, pročišćavanje i snabdijevanje vodom"
37,Uklanjanje otpadnih voda
37.0,Uklanjanje otpadnih voda
37.00,Uklanjanje otpadnih voda
38,"Sakupljanje otpada, djelatnosti obrade i zbrinjavanja otpada"," reciklaža materijala"
38.1,Sakupljanje otpada
38.11,Sakupljanje neopasnog otpada
38.12,Sakupljanje opasnog otpada
38.2,Obrada i zbrinjavanje otpada
38.21,Obrada i zbrinjavanje neopasnog otpada
38.22,Obrada i zbrinjavanje opasnog otpada
38.3,Reciklaža materijala
38.31,Rastavljanje olupina
38.32,Reciklaža posebno izdvojenih materijala
39,Djelatnosti sanacije okoliša te ostale djelatnosti upravljanja otpadom
39.0,Djelatnosti sanacije okoliša te ostale djelatnosti upravljanja otpadom
39.00,Djelatnosti  sanacije  okoliša  te  ostale  usluge  upravljanja otpadom
F,GRAĐEVINARSTVO
41,Gradnja građevina visokogradnje
41.1,Organizacija izvođenja građevinskih projekata
41.10,Organizacija izvođenja građevinskih projekata
41.2,Gradnja stambenih i nestambenih zgrada
41.20,Gradnja stambenih i nestambenih zgrada
42,Gradnja građevina niskogradnje
42.1,Gradnja cesta i željezničkih pruga
42.11,Gradnja cesta i autocesta
42.12,Gradnja željezničkih pruga i podzemnih željeznica
42.13,Gradnja mostova i tunela
42.2,"Gradnja  cjevovoda,  vodova  za  električnu  struju  i telekomunikacije"
42.21,Gradnja cjevovoda za tečnosti i plinove
42.22,Gradnja vodova za električnu struju i telekomunikacije
42.9,Gradnja ostalih građevina niskogradnje
42.91,Gradnja hidrograđevinskih objekata
42.99,"Gradnja ostalih građevina niskogradnje, d. n."
43,Specijalizirane građevinske djelatnosti
43.1,Uklanjanje građevina i pripremni radovi na gradilištu
43.11,Uklanjanje građevina
43.12,Pripremni radovi na gradilištu
43.13,Ispitivanje terena za gradnju bušenjem i sondiranjem
43.2,"Elektroinstalacijski  radovi,  uvođenje instalacija  vodovoda, kanalizacije i plina i ostali građevinski instalacijski radovi"
43.21,Elektroinstalacijski radovi
43.22,"Uvođenje instalacija vodovoda, kanalizacije i plina i instalacija za grijanje i klimatizaciju"
43.29,Ostali građevinski instalacijski radovi
43.3,Završni građevinski radovi
43.31,Fasadni i štukaturski radovi
43.32,Ugradnja stolarije
43.33,Postavljanje podnih i zidnih obloga
43.34,Bojenje i staklarski radovi
43.39,Ostali završni građevinski radovi
43.9,Ostale specijalizirane građevinske djelatnosti
43.91,Podizanje krovnih konstrukcija i pokrivanje krovova
43.99,"Ostale specijalizirane građevinske djelatnosti, d. n."
G,TRGOVINA NA VELIKO I NA MALO," POPRAVAK MOTORNIH VOZILA I MOTOCIKALA"
45,Trgovina na veliko i na malo motornim vozilima i motociklima," popravak motornih vozila i motocikala"
45.1,Trgovina motornim vozilima
45.11,Trgovina automobilima i motornim vozilima lake kategorije
45.19,Trgovina ostalim motornim vozilima
45.2,Održavanje i popravak motornih vozila
45.20,Održavanje i popravak motornih vozila
45.3,Trgovina dijelovima i priborom za motorna vozila
45.31,Trgovina na veliko dijelovima i priborom za motorna vozila
45.32,Trgovina na malo dijelovima i priborom za motorna vozila
45.4,"Trgovina motociklima, dijelovima i priborom za motocikle te održavanje i popravak motocikala"
45.40,"Trgovina motociklima, dijelovima i priborom za motocikle te održavanje i popravak motocikala"
46,"Trgovina na veliko, osim trgovine motornim  vozilima  i motociklima"
46.1,Trgovina na veliko uz naknadu ili na osnovu ugovora
46.11,"Posredovanje  u  trgovini  poljoprivrednim  sirovinama,  živim životinjama, tekstilnim sirovinama i poluproizvodima"
46.12,"Posredovanje u trgovini gorivima, rudama, metalima i industrijskim hemikalijama"
46.13,Posredovanje  u  trgovini  drvenom  građom  i  građevinskim materijalom
46.14,"Posredovanje u trgovini mašinima, industrijskom opremom, brodovima i avionima"
46.15,"Posredovanje  u  trgovini  namještajem,  proizvodima  za domaćinstvo i željeznom robom"
46.16,"Posredovanje u trgovini tekstilom, odjećom, krznom, obućom i kožnim proizvodima"
46.17,"Posredovanje u trgovini hranom, pićima i duhanom"
46.18,Posredovanje u trgovini specijaliziranoj za određene proizvode ili grupe ostalih proizvoda
46.19,Posredovanje u trgovini raznovrsnim proizvodima
46.2,Trgovina na veliko poljoprivrednim sirovinama i živim životinjama
46.21,"Trgovina na veliko žitaricama, sirovim duhanom, sjemenjem i hranom za životinje"
46.22,Trgovina na veliko cvijećem i sadnicama
46.23,Trgovina na veliko živim životinjama
46.24,"Trgovina na veliko sirovim, štavljenim i dovršenim kožama"
46.3,"Trgovina na veliko hranom, pićima i duhanskim proizvodima"
46.31,Trgovina na veliko voćem i povrćem
46.32,Trgovina na veliko mesom i mesnim proizvodima
46.33,"Trgovina na veliko mlijekom, mliječnim proizvodima, jajima, jestivim uljima i mastima"
46.34,Trgovina na veliko pićima
46.35,Trgovina na veliko duhanskim proizvodima
46.36,"Trgovina na veliko šećerom, čokoladom i slatkišima"
46.37,"Trgovina na veliko kafom, čajem, kakaom i začinima"
46.38,"Trgovina na veliko ostalom hranom, uključujući ribe, ljuskare i mekušce"
46.39,"Nespecijalizirana  trgovina  na  veliko  hranom,  pićima  i duhanskim proizvodima"
46.4,Trgovina na veliko proizvodima za domaćinstvo
46.41,Trgovina na veliko tekstilom
46.42,Trgovina na veliko odjećom i obućom
46.43,Trgovina na veliko električnim aparatima za domaćinstvo
46.44,"Trgovina na veliko porculanom,  proizvodima od stakla i sredstvima za čišćenje"
46.45,Trgovina na veliko parfemima i kozmetikom
46.46,Trgovina na veliko farmaceutskim proizvodima
46.47,"Trgovina  na  veliko  namještajem,  tepisima  i  opremom  za rasvjetu"
46.48,Trgovina na veliko satovima i nakitom
46.49,Trgovina na veliko ostalim proizvodima za domaćinstvo
46.5,Trgovina na veliko informacijsko-komunikacijskom opremom
46.51,"Trgovina na veliko računarima, perifernom opremom i softverom"
46.52,Trgovina  na veliko  elektroničkim  i  telekomunikacijskim dijelovima i opremom
46.6,"Trgovina na veliko ostalim mašinima, opremom i priborom"
46.61,"Trgovina  na veliko poljoprivrednim  mašinima, opremom i priborom"
46.62,Trgovina na veliko alatnim mašinima
46.63,Trgovina na veliko mašinima za rudarstvo i građevinarstvo
46.64,Trgovina na veliko mašinima za tekstilnu industriju te mašinima za šivanje i pletenje
46.65,Trgovina na veliko kancelarijskim namještajem
46.66,Trgovina na veliko ostalim kancelarijskim mašinima i opremom
46.69,Trgovina na veliko ostalim mašinima i opremom
46.7,Ostala specijalizirana trgovina na veliko
46.71,"Trgovina na veliko krutim, tečnim i plinovitim gorivima i srodnim proizvodima"
46.72,Trgovina na veliko metalima i metalnim rudama
46.73,"Trgovina na veliko drvom, građevinskim materijalom i sanitarnom opremom"
46.74,"Trgovina na veliko metalnom robom, instalacijskim materijalom, uređajima i opremom za vodovod i grijanje"
46.75,Trgovina na veliko hemijskim proizvodima
46.76,Trgovina na veliko ostalim poluproizvodima
46.77,Trgovina na veliko ostacima i otpacima
46.9,Nespecijalizirana trgovina na veliko
46.90,Nespecijalizirana trgovina na veliko
47,"Trgovina na malo, osim trgovine motornim vozilima i motociklima"
47.1,Trgovina na malo u nespecijaliziranim prodavnicama
47.11,"Trgovina na malo u nespecijaliziranim prodavnicama pretežno hranom, pićima i duhanskim proizvodima"
47.19,Ostala trgovina na malo u nespecijaliziranim prodavnicama
47.2,"Trgovina na malo hranom, pićima i duhanskim proizvodima u specijaliziranim prodavnicama"
47.21,Trgovina na malo voćem i povrćem u specijaliziranim prodavnicama
47.22,Trgovina  na  malo  mesom  i  mesnim  proizvodima  u specijaliziranim prodavnicama
47.23,"Trgovina  na malo ribama,  ljuskarima  i mekušcima  u specijaliziranim prodavnicama"
47.24,"Trgovina na malo hljebom, proizvodima od brašna, kolačima i slatkišima u specijaliziranim prodavnicama"
47.25,Trgovina na malo pićima u specijaliziranim prodavnicama
47.26,Trgovina na malo duhanskim proizvodima u specijaliziranim prodavnicama
47.29,Ostala trgovina na malo prehrambenim proizvodima u specijaliziranim prodavnicama
47.3,Trgovina  na  malo  motornim  gorivima  u  specijaliziranim prodavnicama
47.30,Trgovina na malo motornim gorivima u specijaliziranim prodavnicama
47.4,Trgovina na malo informacijsko-komunikacijskom opremom u specijaliziranim prodavnicama
47.41,"Trgovina na malo računarima,  perifernim jedinicama i softverom u specijaliziranim prodavnicama"
47.42,Trgovina na malo telekomunikacijskom opremom u specijaliziranim prodavnicama
47.43,Trgovina na malo audio i videoopremom u specijaliziranim prodavnicama
47.5,Trgovina na malo ostalom opremom za domaćinstvo u specijaliziranim prodavnicama
47.51,Trgovina na malo tekstilom u specijaliziranim prodavnicama
47.52,"Trgovina  na  malo metalnom  robom, bojama  i  staklom  u specijaliziranim prodavnicama"
47.53,"Trgovina na malo tepisima i prostiračima za pod, zidnim i podnim oblogama u specijaliziranim prodavnicama"
47.54,Trgovina na malo električnim aparatima za domaćinstvo u specijaliziranim prodavnicama
47.59,"Trgovina na malo namještajem, opremom za rasvjetu i ostalim proizvodima za domaćinstvo u specijaliziranim prodavnicama"
47.6,Trgovina na malo proizvodima za kulturu i rekreaciju u specijaliziranim prodavnicama
47.61,Trgovina na malo knjigama u specijaliziranim prodavnicama
47.62,"Trgovina na malo  novinama, papirnom robom  i pisaćim priborom u specijaliziranim prodavnicama"
47.63,Trgovina na malo muzičkim i videozapisima u specijaliziranim prodavnicama
47.64,Trgovina na  malo  sportskom  opremom  u  specijaliziranim prodavnicama
47.65,Trgovina na malo igrama i igračkama u specijaliziranim prodavnicama
47.7,Trgovina  na  malo  ostalom  robom  u  specijaliziranim prodavnicama
47.71,Trgovina na malo odjećom u specijaliziranim prodavnicama
47.72,Trgovina na malo obućom i proizvodima od kože u specijaliziranim prodavnicama
47.73,Apoteke
47.74,Trgovina  na  malo  medicinskim  preparatima  i  ortopedskim pomagalima u specijaliziranim prodavnicama
47.75,Trgovina  na  malo  kozmetičkim  i toaletnim  proizvodima u specijaliziranim prodavnicama
47.76,"Trgovina na malo cvijećem, sadnicama, sjemenjem, gnojivom, kućnim  ljubimcima  i  hranom  za  kućne  ljubimce  u specijaliziranim prodavnicama"
47.77,Trgovina na malo satovima i nakitom u specijaliziranim prodavnicama
47.78,Ostala  trgovina  na  malo  novom  robom  u specijaliziranim prodavnicama
47.79,Trgovina  na malo rabljenom robom u specijaliziranim prodavnicama
47.8,Trgovina na malo na štandovima i tržnicama
47.81,"Trgovina na malo hranom, pićima i duhanskim proizvodima na štandovima i tržnicama"
47.82,"Trgovina na malo tekstilom, odjećom i obućom na štandovima i tržnicama"
47.89,Trgovina na malo ostalom robom na štandovima i tržnicama
47.9,"Trgovina na malo izvan prodavnica, štandova i tržnica"
47.91,Trgovina na malo putem pošte ili interneta
47.99,"Ostala trgovina na malo izvan prodavnica, štandova i tržnica"
H,PRIJEVOZ I SKLADIŠTENJE
49,Kopneni prijevoz i cjevovodni transport
49.1,"Željeznički prijevoz putnika, međugradski"
49.10,"Željeznički prijevoz putnika, međugradski"
49.2,Željeznički prijevoz robe
49.20,Željeznički prijevoz robe
49.3,Ostali kopneni prijevoz putnika
49.31,Gradski i prigradski kopneni prijevoz putnika
49.32,Taksi služba
49.39,"Ostali kopneni prijevoz putnika, d. n."
49.4,Cestovni prijevoz robe i usluge preseljenja
49.41,Cestovni prijevoz robe
49.42,Usluge preseljenja
49.5,Cjevovodni transport
49.50,Cjevovodni transport
50,Vodeni prijevoz
50.1,Pomorski i priobalni prijevoz putnika
50.10,Pomorski i priobalni prijevoz putnika
50.2,Pomorski i priobalni prijevoz robe
50.20,Pomorski i priobalni prijevoz robe
50.3,Prijevoz putnika unutrašnjim vodenim putevima
50.30,Prijevoz putnika unutrašnjim vodenim putevima
50.4,Prijevoz robe unutrašnjim vodenim putevima
50.40,Prijevoz robe unutrašnjim vodenim putevima
51,Zračni prijevoz
51.1,Zračni prijevoz putnika
51.10,Zračni prijevoz putnika
51.2,Zračni prijevoz robe i svemirski prijevoz
51.21,Zračni prijevoz robe
51.22,Svemirski prijevoz
52,Skladištenje i pomoćne djelatnosti u prijevozu
52.1,Skladištenje robe
52.10,Skladištenje robe
52.2,Pomoćne djelatnosti u prijevozu
52.21,Uslužne djelatnosti u vezi s kopnenim prijevozom
52.22,Uslužne djelatnosti u vezi s vodenim prijevozom
52.23,Uslužne djelatnosti u vezi sa zračnim prijevozom
52.24,Pretovar tereta
52.29,Ostale pomoćne djelatnosti u prijevozu
53,Poštanske i kurirske djelatnosti
53.1,Djelatnosti pružanja univerzalnih poštanskih usluga
53.10,Djelatnosti pružanja univerzalnih poštanskih usluga
53.2,Djelatnosti pružanja ostalih poštanskih i kurirskih usluga
53.20,Djelatnosti pružanja ostalih poštanskih i kurirskih usluga
I,DJELATNOSTI PRUŽANJA SMJEŠTAJA TE PRIPREME I USLUŽIVANJA HRANE (HOTELIJERSTVO I UGOSTITELJSTVO)
55,Smještaj
55.1,Hoteli i sličan smještaj
55.10,Hoteli i sličan smještaj
55.2,Odmarališta i slični objekti za kraći odmor
55.20,Odmarališta i slični objekti za kraći odmor
55.3,Kampovi i prostori za kampiranje
55.30,Kampovi i prostori za kampiranje
55.9,Ostali smještaj
55.90,Ostali smještaj
56,Djelatnosti pripreme i usluživanja hrane i pića
56.1,Djelatnosti restorana i ostalih objekata za pripremu i usluživanje hrane
56.10,Djelatnosti restorana i ostalih objekata za pripremu i usluživanje hrane
56.2,Djelatnosti  keteringa  i  ostale  djelatnosti  pripreme  i usluživanja hrane
56.21,Djelatnosti keteringa
56.29,Ostale djelatnosti pripreme i usluživanja hrane
56.3,Djelatnosti pripreme i usluživanja pića
56.30,Djelatnosti pripreme i usluživanja pića
J,INFORMACIJE I KOMUNIKACIJE
58,Izdavačke djelatnosti
58.1,"Izdavanje knjiga, periodičnih publikacija i ostale izdavačke djelatnosti"
58.11,Izdavanje knjiga
58.12,Izdavanje imenika i popisa korisničkih adresa
58.13,Izdavanje novina
58.14,Izdavanje časopisa i periodičnih publikacija
58.19,Ostala izdavačka djelatnost
58.2,Izdavanje softvera
58.21,Izdavanje računarskih igara
58.29,Izdavanje ostalog softvera
59,"Proizvodnja filmova, videofilmova i televizijskog programa, djelatnosti snimanja zvučnih zapisa i izdavanja muzičkih zapisa"
59.1,"Proizvodnja i distribucija filmova, videofilmova i televizijskog programa"
59.11,"Proizvodnja filmova, videofilmova i televizijskog programa"
59.12,"Djelatnosti koje slijede nakon proizvodnje filmova, videofilmova i televizijskog programa"
59.13,"Distribucija filmova, videofilmova i televizijskog programa"
59.14,Djelatnosti prikazivanja filmova
59.2,Djelatnosti snimanja zvučnih zapisa i izdavanja muzičkih zapisa
59.20,Djelatnosti snimanja zvučnih zapisa i izdavanja muzičkih zapisa
60,Emitiranje programa
60.1,Emitiranje radijskog programa
60.10,Emitiranje radijskog programa
60.2,Emitiranje televizijskog programa
60.20,Emitiranje televizijskog programa
61,Telekomunikacije
61.1,Djelatnosti žičane telekomunikacije
61.10,Djelatnosti žičane telekomunikacije
61.2,Djelatnosti bežične telekomunikacije
61.20,Djelatnosti bežične telekomunikacije
61.3,Djelatnosti satelitske telekomunikacije
61.30,Djelatnosti satelitske telekomunikacije
61.9,Ostale telekomunikacijske djelatnosti
61.90,Ostale telekomunikacijske djelatnosti
62,"Računarsko programiranje, savjetovanje i djelatnosti u vezi s s njima"
62.0,"Računarsko programiranje, savjetovanje i djelatnosti u vezi s njima"
62.01,Računarsko programiranje
62.02,Savjetovanje u vezi s računarima
62.03,Upravljanje računarskom opremom i sistemom
62.09,Ostale uslužne djelatnosti u vezi s informacijskom tehnologijom i računarima
63,Informacijske uslužne djelatnosti
63.1,"Obrada podataka, usluge hostinga i djelatnosti u vezi s njima"," internetski portali"
63.11,"Obrada podataka, usluge hostinga i djelatnosti u vezi s njima"
63.12,Internetski portali
63.9,Ostale informacijske uslužne djelatnosti
63.91,Djelatnosti novinskih agencija
63.99,"Ostale informacijske uslužne djelatnosti, d. n."
K,FINANSIJSKE DJELATNOSTI I DJELATNOSTI OSIGURANJA
64,"Finansijske uslužne djelatnosti, osim osiguranja i penzijskih fondova"
64.1,Novčarsko posredovanje
64.11,Djelatnost Centralne banke
64.19,Ostalo novčarsko posredovanje
64.2,Djelatnosti finansijskih holding-društava
64.20,Djelatnosti finansijskih holding-društava
64.3,"Trustovi, ostali fondovi i slični finansijski subjekti"
64.30,"Trustovi, fondovi i slični finansijski subjekti"
64.9,"Ostale  finansijske uslužne  djelatnosti,  osim  osiguranja  i penzijskih fondova"
64.91,Finansijski zakup (leasing)
64.92,Ostalo kreditno posredovanje
64.99,"Ostale finansijske uslužne djelatnosti, osim osiguranja i penzijskih fondova, d. n."
65,"Osiguranje, reosiguranje i penzijski fondovi, osim obaveznog socijalnog osiguranja"
65.1,Osiguranje
65.11,Životno osiguranje
65.12,Ostalo osiguranje
65.2,Reosiguranje
65.20,Reosiguranje
65.3,Penzijski fondovi
65.30,Penzijski fondovi
66,Pomoćne djelatnosti kod finansijskih usluga i djelatnosti osiguranja
66.1,"Pomoćne djelatnosti kod finansijskih usluga, osim osiguranja i penzijskih fondova"
66.11,Poslovanje finansijskih tržišta
66.12,Djelatnosti posredovanja u poslovanju vrijednosnim papirima i robnim ugovorima
66.19,"Ostale pomoćne djelatnosti  kod  finansijskih usluga, osim osiguranja i penzijskih fondova"
66.2,Pomoćne djelatnosti u osiguranju i penzijskim fondovima
66.21,Procjena rizika i štete
66.22,Djelatnosti agenata i posrednika osiguranja
66.29,Ostale pomoćne djelatnosti u osiguranju i penzijskim fondovima
66.3,Djelatnosti upravljanja fondovima
66.30,Djelatnosti upravljanja fondovima
L,POSLOVANJE NEKRETNINAMA
68,Poslovanje nekretninama
68.1,Kupovina i prodaja vlastitih nekretnina
68.10,Kupovina i prodaja vlastitih nekretnina
68.2,Iznajmljivanje  i  upravljanje  vlastitim  nekretninama  ili nekretninama uzetim u zakup (leasing)
68.20,Iznajmljivanje  i  upravljanje  vlastitim  nekretninama  ili nekretninama uzetim u zakup (leasing)
68.3,Poslovanje nekretninama uz naknadu ili na osnovu ugovora
68.31,Agencije za poslovanje nekretninama
68.32,Upravljanje nekretninama uz naknadu ili na osnovu ugovora
M,"STRUČNE, NAUČNE I TEHNIČKE DJELATNOSTI"
69,Pravne i računovodstvene djelatnosti
69.1,Pravne djelatnosti
69.10,Pravne djelatnosti
69.2,"Računovodstvene,  knjigovodstvene i  revizijske  djelatnosti"," porezno savjetovanje"
69.20,"Računovodstvene, knjigovodstvene i revizijske djelatnosti"," porezno savjetovanje"
70,Upravljačke djelatnosti," savjetovanje u vezi s upravljanjem"
70.1,Upravljačke djelatnosti
70.10,Upravljačke djelatnosti
70.2,Savjetovanje u vezi s upravljanjem
70.21,Odnosi s javnošću i djelatnosti saopćavanja
70.22,Savjetovanje u vezi s poslovanjem i ostalim upravljanjem
71,Arhitektonske i inžinjerske djelatnosti," tehničko ispitivanje i analiza"
71.1,Arhitektonske i inžinjerske djelatnosti i s njima povezano tehničko savjetovanje
71.11,Arhitektonske djelatnosti
71.12,Inžinjerske djelatnosti i s njima povezano tehničko savjetovanje
71.2,Tehničko ispitivanje i analiza
71.20,Tehničko ispitivanje i analiza
72,Naučno istraživanje i razvoj
72.1,"Istraživanje i eksperimentalni razvoj u prirodnim, tehničkim i tehnološkim naukama"
72.11,Istraživanje i eksperimentalni razvoj u biotehnologiji
72.19,"Ostalo istraživanje i eksperimentalni razvoj u prirodnim, tehničkim i tehnološkim naukama"
72.2,Istraživanje  i  eksperimentalni  razvoj  u  društvenim  i humanističkim naukama
72.20,Istraživanje  i  eksperimentalni  razvoj  u  društvenim  i humanističkim naukama
73,Promocija (reklama i propaganda) i istraživanje tržišta
73.1,Promocija (reklama i propaganda)
73.11,Agencije za promociju (reklamu i propagandu)
73.12,Oglašavanje putem medija
73.2,Istraživanje tržišta i ispitivanje javnog mnijenja
73.20,Istraživanje tržišta i ispitivanje javnog mnijenja
74,"Ostale stručne, naučne i tehničke djelatnosti"
74.1,Specijalizirane dizajnerske djelatnosti
74.10,Specijalizirane dizajnerske djelatnosti
74.2,Fotografske djelatnosti
74.20,Fotografske djelatnosti
74.3,Prevodilačke djelatnosti i usluge tumača
74.30,Prevodilačke djelatnosti i usluge tumača
74.9,"Ostale stručne, naučne i tehničke djelatnosti, d. n."
74.90,"Ostale stručne, naučnee i tehničke djelatnosti, d. n."
75,Veterinarske djelatnosti
75.0,Veterinarske djelatnosti
75.00,Veterinarske djelatnosti
N,ADMINISTRATIVNE I POMOĆNE USLUŽNE DJELATNOSTI
77,Djelatnosti iznajmljivanja i davanja u zakup (leasing)
77.1,Iznajmljivanje i davanje u zakup (leasing) motornih vozila
77.11,Iznajmljivanje i davanje u zakup (leasing) automobila i motornih vozila lake kategorije
77.12,Iznajmljivanje i davanje u zakup (leasing) kamiona
77.2,Iznajmljivanje i davanje u zakup (leasing) predmeta za ličnu upotrebu i domaćinstvo
77.21,Iznajmljivanje i davanje u zakup (leasing) opreme za rekreaciju i sport
77.22,Iznajmljivanje videokaseta i diskova
77.29,Iznajmljivanje i davanje u zakup (leasing) ostalih predmeta za ličnu upotrebu i domaćinstvo
77.3,"Iznajmljivanje i davanje u zakup (leasing) ostalih mašina, opreme te materijalnih dobara"
77.31,Iznajmljivanje i  davanje u  zakup (leasing) poljoprivrednih mašina i opreme
77.32,Iznajmljivanje i davanje u zakup (leasing) mašina i opreme za građevinarstvo
77.33,Iznajmljivanje i davanje u zakup (leasing) kancelarijskih mašina i opreme (uključujući računare)
77.34,Iznajmljivanje i davanje u zakup (leasing) plovnih prijevoznih sredstava
77.35,Iznajmljivanje i davanje u zakup (leasing) zračnih prijevoznih sredstava
77.39,"Iznajmljivanje  i davanje  u zakup  (leasing) ostalih  mašina, opreme i materijalnih dobara, d. n."
77.4,"Davanje u zakup (leasing) prava na upotrebu intelektualnog vlasništva i sličnih proizvoda, osim radova koji su zaštićeni autorskim pravima"
77.40,"Davanje u zakup (leasing) prava na upotrebu intelektualnog vlasništva i sličnih proizvoda, osim radova koji su zaštićeni autorskim pravima"
78,Djelatnosti posredovanja u zapošljavanju
78.1,Djelatnosti agencija za zapošljavanje
78.10,Djelatnosti agencija za zapošljavanje
78.2,Djelatnosti agencija za privremeno zapošljavanje
78.20,Djelatnosti agencija za privremeno zapošljavanje
78.3,Ostalo ustupanje ljudskih resursa
78.30,Ostalo ustupanje ljudskih resursa
79,"Putničke agencije,  organizatori putovanja, turoperatori i ostale rezervacijske usluge te djelatnosti u vezi s njima"
79.1,Djelatnosti putničkih agencija i turoperatora
79.11,Djelatnosti putničkih agencija
79.12,Djelatnosti turoperatora
79.9,Ostale rezervacijske usluge i djelatnosti u vezi s njima
79.90,Ostale rezervacijske usluge i djelatnosti u vezi s njima
80,Zaštitne i istražne djelatnosti
80.1,Djelatnosti privatne zaštite
80.10,Djelatnosti privatne zaštite
80.2,Usluge zaštite uz pomoć sigurnosnih sistema
80.20,Usluge zaštite uz pomoć sigurnosnih sistema
80.3,Istražne djelatnosti
80.30,Istražne djelatnosti
81,Usluge u  vezi  s  upravljanjem  i  održavanjem  zgrada  te djelatnosti uređenja i održavanja zelenih površina
81.1,Pomoćne djelatnosti upravljanja zgradama
81.10,Pomoćne djelatnosti upravljanja zgradama
81.2,Djelatnosti čišćenja
81.21,Osnovno čišćenje zgrada
81.22,Ostale djelatnosti čišćenja zgrada i objekata
81.29,Ostale djelatnosti čišćenja
81.3,Uslužne djelatnosti uređenja i održavanja zelenih površina
81.30,Uslužne djelatnosti uređenja i održavanja zelenih površina
82,Kancelarijske  administrativne i pomoćne djelatnosti te ostale poslovne pomoćne djelatnosti
82.1,Kancelarijske administrativne i pomoćne djelatnosti
82.11,Kombinirane kancelarijske administrativne uslužne djelatnosti
82.19,"Fotokopiranje, priprema dokumenata i ostale specijalizirane kancelarijske pomoćne djelatnosti"
82.2,Djelatnosti pozivnih centara
82.20,Djelatnosti pozivnih centara
82.3,Organizacija sastanaka i poslovnih sajmova
82.30,Organizacija sastanaka i poslovnih sajmova
82.9,"Poslovne pomoćne uslužne djelatnosti, d. n."
82.91,Djelatnosti agencija za prikupljanje i naplatu računa te kreditnih kancelarija
82.92,Djelatnosti pakovanja
82.99,"Ostale poslovne pomoćne uslužne djelatnosti, d. n."
O,JAVNA UPRAVA I ODBRANA," OBAVEZNO SOCIJALNO OSIGURANJE"
84,Javna uprava i odbrana," obavezno socijalno osiguranje"
84.1,Javna uprava te ekonomska i socijalna politika zajednice
84.11,Opće djelatnosti javne uprave
84.12,"Reguliranje djelatnosti javnih subjekata koji pružaju zdravstvenu zaštitu, usluge u obrazovanju i kulturi i druge društvene usluge, osim obaveznog socijalnog osiguranja"
84.13,Reguliranje i doprinos poboljšavanju poslovanja u privredi
84.2,Pružanje usluga zajednici kao cjelini
84.21,Vanjski poslovi
84.22,Poslovi odbrane
84.23,Sudske i pravosudne djelatnosti
84.24,Poslovi javnog reda i sigurnosti
84.25,Djelatnosti vatrogasne službe
84.3,Djelatnosti obaveznog socijalnog osiguranja
84.30,Djelatnosti obaveznog socijalnog osiguranja
P,OBRAZOVANJE
85,Obrazovanje
85.1,Predškolsko obrazovanje
85.10,Predškolsko obrazovanje
85.2,Osnovno obrazovanje
85.20,Osnovno obrazovanje
85.3,Srednje obrazovanje
85.31,Opće srednje obrazovanje
85.32,Tehničko i stručno srednje obrazovanje
85.4,Visoko obrazovanje
85.41,Obrazovanje nakon srednjeg koje nije visoko
85.42,Visoko obrazovanje
85.5,Ostalo obrazovanje i poučavanje
85.51,Obrazovanje i poučavanje u području sporta i rekreacije
85.52,Obrazovanje i poučavanje u području kulture
85.53,Djelatnosti vozačkih škola
85.59,"Ostalo obrazovanje i poučavanje, d. n."
85.6,Pomoćne uslužne djelatnosti u obrazovanju
85.60,Pomoćne uslužne djelatnosti u obrazovanju
Q,DJELATNOSTI ZDRAVSTVENE I SOCIJALNE ZAŠTITE
86,Djelatnosti zdravstvene zaštite
86.1,Djelatnosti bolnica
86.10,Djelatnosti bolnica
86.2,Djelatnosti medicinske i stomatološke prakse
86.21,Djelatnosti opće medicinske prakse
86.22,Djelatnosti specijalističke medicinske prakse
86.23,Djelatnosti stomatološke prakse
86.9,Ostale djelatnosti zdravstvene zaštite
86.90,Ostale djelatnosti zdravstvene zaštite
87,Djelatnosti socijalne zaštite u ustanovama sa smještajem
87.1,Djelatnosti ustanova sa smještajem koje uključuju određeni stepen zdravstvene njege
87.10,Djelatnosti  ustanova  sa  smještajem  koje  uključuju određeni stepen zdravstvene njege
87.2,"Djelatnosti  u  ustanovama  sa  smještajem  za  osobe  s teškoćama  u  razvoju,  duševno  bolesne  i  osobe  ovisne  o alkoholu,  drogama  ili  drugim  opojnim sredstvima s uključenim određenim stepenom zdravstvene njege"
87.20,"Djelatnosti u ustanovama sa smještajem za osobe s teškoćama u razvoju, duševno bolesne i osobe ovisne o alkoholu, drogama ili drugim  opojnim sredstvima s uključenim određenim stepenom zdravstvene njege"
87.3,Djelatnosti socijalne zaštite u ustanovama sa smještajem za starije osobe i osobe s invaliditetom bez  ili s minimalnom njegom
87.30,Djelatnosti  socijalne  zaštite  u  ustanovama  sa  smještajem za starije osobe i osobe s invaliditetom bez ili s minimalnom njegom
87.9,Ostale djelatnosti socijalne zaštite u ustanovama sa smještajem
87.90,Ostale djelatnosti socijalne zaštite u ustanovama sa smještajem
88,Djelatnosti socijalne zaštite bez smještaja
88.1,Djelatnosti socijalne zaštite bez smještaja za starije osobe i osobe s invaliditetom
88.10,Djelatnosti socijalne zaštite bez smještaja za starije osobe i osobe s invaliditetom
88.9,Ostale djelatnosti socijalne zaštite bez smještaja
88.91,Djelatnosti dnevne brige o djeci
88.99,"Ostale djelatnosti socijalne zaštite bez smještaja, d. n."
R,"UMJETNOST, ZABAVA I REKREACIJA"
90,"Kreativne, umjetničke i zabavne djelatnosti"
90.0,"Kreativne, umjetničke i zabavne djelatnosti"
90.01,Izvođačka umjetnost
90.02,Pomoćne djelatnosti u izvođačkoj umjetnosti
90.03,Umjetničko stvaralaštvo
90.04,Rad umjetničkih objekata
91,"Biblioteke, arhivi, muzeji i ostale kulturne djelatnosti"
91.0,"Biblioteke, arhivi, muzeji i ostale kulturne djelatnosti"
91.01,Djelatnosti biblioteka i arhiva
91.02,Djelatnosti muzeja
91.03,Rad historijskih mjesta i građevina te sličnih znamenitosti za posjetioce
91.04,Djelatnosti botaničkih i zooloških vrtova i prirodnih rezervata
92,Djelatnosti kockanja i klađenja
92.0,Djelatnosti kockanja i klađenja
92.00,Djelatnosti kockanja i klađenja
93,"Sportske, zabavne i rekreacijske djelatnosti"
93.1,Sportske djelatnosti
93.11,Rad sportskih objekata
93.12,Djelatnosti sportskih klubova
93.13,Fitnes centri
93.19,Ostale sportske djelatnosti
93.2,Zabavne i rekreacijske djelatnosti
93.21,Djelatnosti zabavnih i tematskih parkova
93.29,Ostale zabavne i rekreacijske djelatnosti
S,OSTALE USLUŽNE DJELATNOSTI
94,Djelatnosti članskih organizacija
94.1,"Djelatnosti poslovnih organizacija, udruženja poslodavaca i strukovnih članskih organizacija"
94.11,Djelatnosti poslovnih organizacija i udruženja poslodavaca
94.12,Djelatnosti strukovnih članskih organizacija
94.2,Djelatnosti sindikata
94.20,Djelatnosti sindikata
94.9,Djelatnosti ostalih članskih organizacija
94.91,Djelatnosti vjerskih organizacija
94.92,Djelatnosti političkih organizacija
94.99,"Djelatnosti ostalih članskih organizacija, d. n."
95,Popravak računara i predmeta za ličnu upotrebu i domaćinstvo
95.1,Popravak računara i komunikacijske opreme
95.11,Popravak računara i periferne opreme
95.12,Popravak komunikacijske opreme
95.2,Popravak predmeta za ličnu upotrebu i domaćinstvo
95.21,Popravak elektroničkih uređaja za široku potrošnju
95.22,Popravak aparata za domaćinstvo te opreme za kuću i vrt
95.23,Popravak obuće i proizvoda od kože
95.24,Popravak namještaja i pokućstva
95.25,Popravak satova i nakita
95.29,Popravak ostalih predmeta za ličnu upotrebu i domaćinstvo
96,Ostale lične uslužne djelatnosti
96.0,Ostale lične uslužne djelatnosti
96.01,Pranje i hemijsko čišćenje tekstila i krznenih proizvoda
96.02,Frizerski i drugi tretmani za uljepšavanje
96.03,Pogrebne i srodne djelatnosti
96.04,Djelatnosti za njegu i održavanje tijela
96.09,"Ostale lične uslužne djelatnosti, d. n."
T,DJELATNOSTI DOMAĆINSTAVA KAO POSLODAVACA," DJELATNOSTI DOMAĆINSTAVA KOJA PROIZVODE RAZLIČITA DOBRA  I OBAVLJAJU RAZLIČITE USLUGE ZA VLASTITE POTREBE"
97,Djelatnosti  domaćinstava kao poslodavaca koji zapošljavaju poslugu
97.0,Djelatnosti domaćinstava kao poslodavaca koji zapošljavaju poslugu
97.00,Djelatnosti  domaćinstava  kao  poslodavaca koji zapošljavaju poslugu
98,Djelatnosti privatnih domaćinstava koja proizvode različita dobra i obavljaju različite usluge za vlastite potrebe
98.1,Djelatnosti privatnih domaćinstava koja  proizvode različita dobra za vlastite potrebe
98.10,Djelatnosti privatnih domaćinstava koja proizvode različita dobra za vlastite potrebe
98.2,Djelatnosti privatnih domaćinstava koja obavljaju različite usluge za vlastite potrebe
98.20,Djelatnosti privatnih domaćinstava koja obavljaju različite usluge za vlastite potrebe
U,DJELATNOSTI VANTERITORIJALNIH ORGANIZACIJA I ORGANA
99,Djelatnosti vanteritorijalnih organizacija i organa
99.0,Djelatnosti vanteritorijalnih organizacija i organa
99.00,Djelatnosti vanteritorijalnih organizacija i organa
